{
  "coluna_usuario": "usuario_nome",
  "tabela_que_contem_usuario": "usuario",
  "coluna_plano": "plano_nome",
  "tabela_que_contem_plano": "plano",
  "coluna_historico_de_reproducoes": "reproducao_data",
  "tabela_que_contem_historico_de_reproducoes": "reproducao",
  "coluna_seguindo_artistas": "usuario_id",
  "tabela_que_contem_seguindo_artistas": "seguidor",
  "coluna_artista": "artista_nome",
  "tabela_que_contem_artista": "artista",
  "coluna_album": "album_nome",
  "tabela_que_contem_album": "album",
  "coluna_cancoes": "musica_nome",
  "tabela_que_contem_cancoes": "musica"
}
