{
  "requirements": [{
    "description": "1 - Normalize as tabelas para a 3ª Forma Normal",
    "bonus": false
  }, {
    "description": "2 - Exibe as estatísticas musicais",
    "bonus": false
  }, {
    "description": "3 - Exibe o histórico de reprodução para cada pessoa usuária",
    "bonus": false
  }, {
    "description": "4 - Exibe a condicao do usuario se esta ativo ou inativo",
    "bonus": false
  }, {
    "description": "5 - Exibe top 2 hits mais tocados no momento",
    "bonus": false
  }, {
    "description": "6 - Exibe o relatório de faturamento da empresa",
    "bonus": false
  }, {
    "description": "7 - Exibe uma relação de todos os álbuns produzidos por cada artista",
    "bonus": false
  }, {
    "description": "8 - Exibe uma relação de álbuns produzidos pelo artista Walter Phoenix",
    "bonus": false
  }, {
    "description": "9 - Exibe a quantidade de músicas que estão presentes atualmente no histórico de reprodução da pessoa usuária Bill",
    "bonus": false
  }, {
    "description": "10 - Exibe o nome e a quantidade de vezes que cada canção foi tocada por pessoas usuárias do plano gratuito ou pessoal",
    "bonus": false
  }, {
    "description": "11 - Exibe nomes de musicas em sua forma normal e com string trocada",
    "bonus": true
  }]
}
